epoch,step,test_F1_micro,test_loss,test_prec_micro,test_recall_micro
0,0,0.8002968430519104,0.14457666873931885,0.8002968430519104,0.8002968430519104
